Workbook

Sheet 01-计划总览
A1: 知识库问答链路 · 阶梯压测计划（目标 5000 并发）
A2: 编制日期：2026-10-24 ｜ 修订：2026-10-26 按审计报告修订 10 处（原版保留） ｜ 依据：10-10 / 10-12 / 10-13 / 10-14 / 10-16 历次压测报告 ｜ 周期：T+1 周递进（示例日期，按实际启动日顺延）
A4: 一、测试对象与环境
A5: 压测接口 | B5: /hisilicon-knowledge/chat/messages/send（SSE 流式，TTFT=请求发出→首个流式内容分片，首包即断）
A6: 目标环境 | B6: 华为云 CCE AutoPilot · 华南-广州 · http://113.45.181.210
A7: 平台服务 | B7: hisilicon-knowledge-platform-service · 当前 单Pod·1C（Pod wrk4q）
A8: 问答服务 | B8: haisi-rag-qa · 当前 单Pod·4C（Pod 585f8979b7，10-16 重新部署）
A9: 大模型 | B9: deepseek-v4-pro（阿里云百炼/DashScope 商用 API，非自建推理）——默认 RPM / TPM / 在途并发路数均远低于 5000 并发需求，提额或独享实例为 W2 起硬准入；限额与 token 耗费明细见 05 表
A10: 压测工具 | B10: Locust（TTFT 首包即断口径）+ 五件套 + ttft_log 全量导出
A11: 二、历史关键结论（计划依据）
A12: 结论1 | B12: 平台服务（单Pod·1C）是 502 风暴瓶颈：10-13 / 10-14 / 10-16 三次风暴签名一致（日志静默数秒→readiness 失败→网关 502→积压冲刷自愈）；根因指向 reactive DB 连接池耗尽且 readiness 探针与业务池强绑定
A13: 结论2 | B13: 问答服务实际算力需求 ≈3.2 核 / 180 并发（10-14 实测），与规格无关；4C 跑 200 并发未验证通过
A14: 结论3 | B14: LLM 下游停滞风险：10-16 出现 58% 样本恒定 52~57s（50s 级超时重试指纹），10-12 出现 82% 无首包——5000 并发前必须取得 LLM 侧容量承诺
A15: 结论4 | B15: 平台前置接口逐日恶化：login 中位 7.1s(10-13)→12~13.4s(10-14)→13.6s(10-16)，扩并发前需完成 login 缓存/token 复用改造
A16: 三、通过标准（SLO，全部满足判通过）
A17: SLO1 错误率 | B17: ≤ 1%（502 / 超时 / 无首包合计）
A18: SLO2 TTFT | B18: 中位 ≤ 5s 且 P95 ≤ 10s（SLO 为通过线；健康基线 中位 3.2s / P95 5.5s 为目标线，报告同时呈现两者）
A19: SLO3 前置接口 | B19: login 中位 ≤ 3s、P95 ≤ 8s；建会话错误率 ≤ 1%
A20: SLO4 资源水位 | B20: 平台 / QA Pod CPU 峰值 ≤ 70%、内存 ≤ 80%，HPA 未触顶震荡
A21: SLO5 稳定性 | B21: 无 readiness 探针失败、无 Pod 重启 / OOM、无平台日志静默 > 2s、TTFT > 20s 样本占比 ≤ 1%、TTFT 无持续恶化趋势（任一不满足即判不通过）。注：「连续 3 个采样周期出现 TTFT > 20s 样本」为止涨线停压触发条件（见下），不作为通过判定——5000 并发下每 10s 窗口约 1 万样本，0 容忍与占比 ≤1% 互斥且几乎必挂
A22: SLO6 可复现 | B22: TTFT 中位与 P95 的轮间偏差均 ≤ 15%，错误率绝对值偏差 ≤ 0.5 个百分点（中位指 TTFT 中位）
A23: 四、里程碑（T+1 周阶梯）
A24: T0 准备周 | B24: 2026-10-26 ~ 10-30：完成 W1 准入改造（DB 连接池 / readiness 解耦 / LLM 停滞确认）+ 压测基建（Locust 分布式 / 5000 账号 / 监控告警）
A25: W1 第1周 | B25: 2026-11-02 ~ 11-06：200 并发基线回归（验证 10-16 两个问题闭环 + 180 回归）
A26: W2 第2周 | B26: 2026-11-09 ~ 11-13：1000 并发（平台/QA 首次横向扩容验证）
A27: W3 第3周 | B27: 2026-11-16 ~ 11-20：3000 并发（HPA + 数据库/LLM 容量验证）
A28: W4 第4周 | B28: 2026-11-23 ~ 11-27：5000 并发主压（20min）+ 5000 稳态观测（30min）+ 4000 并发 60min 长跑 + 突刺演练
A29: 五、通用规则
A30: 止涨线 | B30: 任一轮错误率 > 10% 或出现 readiness 失败 / 日志静默 → 立即停止爬坡，保留五件套+日志+监控截图，分析闭环后方可重测；连续 3 个采样周期（≤10s/周期）出现 TTFT > 20s 样本即立即停压（停滞早期信号，早于占比 1% 阈值）
A31: 回滚/降级预案 | B31: 触发止涨线或任一轮不通过时按序执行：① Locust 立即止压；② HPA 扩容上限封顶、副本缩回上一稳定档位；③ LLM 切备用配额 / 降级模型档 / 限流熔断；④ 平台与 QA 回滚至上一通过版本镜像；⑤ 保留五件套 + 日志 + 监控截图，责任人签字后安排复测
A32: 压测窗口隔离 | B32: 开压前确认 113.45.181.210 环境独占性：压测期间禁止其他团队共用该环境 / RDS / LLM 账号；若为共享环境，须提前公告压测窗口并评估对同集群其他服务的影响
A33: 数据留存 | B33: 每轮导出 Locust 五件套 + ttft_log 全量；平台/QA 日志覆盖压测窗前后各 5 分钟；CCE 事件（readiness/OOM/HPA）；LLM 网关排队与限流指标；每轮输出 HTML 报告并更新历次基线表
A34: 报告对齐 | B34: 每轮报告沿用 qa-stream-load-test-report 系列版式，规格档案卡置于顶部，结果追加至历次汇总表

Sheet 02-周计划明细
A1: 周计划明细（核心表 · 日期为示例，按实际启动日顺延；每周至少主压+复测两轮取中位）
A2: 周次 | B2: 日期窗（示例） | C2: 轮次 | D2: 目标并发 | E2: 爬坡策略 | F2: 持续时长 | G2: 前置准入（本周开压前必须完成） | H2: 压测机资源 | I2: 监控与数据采集 | J2: 通过标准（SLO 见 01 表） | K2: 不通过处置
A3: T0 准备周 | B3: 10-26 ~ 10-30 | C3: 改造准入 | D3: — | E3: — | F3: — | G3: ① 平台 reactive DB 连接池 ≥ 400（集群总额，单 Pod 池=总额÷副本数）——验收：50 并发冒烟时，平台 Pod 池活跃连接数曲线达到设定值且无等待超时日志；② readiness 探针与业务 DB 池解耦——验收：故障注入打满业务池，readiness 仍返回 200；③ LLM 配额书面确认 RPM ≥ 60,000 / TPM ≥ 1.5 亿 / 同时在途生成路数 ≥ 6,000（或独享实例等效吞吐）——验收：10-16 同款 prompt 回放 200 次，TTFT > 20s 样本 = 0，并留存 429/Throttling 实测样例；注：LLM 提额/独享实例采购周期约 2 周且不可临时期票，故 T0 一次锁定终档，DB/网关/副本按各周准入逐档提升；④ login token 缓存——验收：50 并发 login 中位 ≤ 1s、缓存命中率指标可见；⑤ 数据库 max_connections ≥ 1,000——验收：RDS 实例实测值 ≥ 目标且参数模板允许该值（MySQL 默认常仅数百~数千，改参数需重启验证）；⑥ 与阿里云确认：客户端首包即断（SSE abort）后推理槽位是否即时释放——若否，在途路数与 TPM 需求须按完整生成时长重算，本计划所有 LLM 配额同步放大 | H3: Locust master ×1（4C8G）+ worker ×2（8C16G）预部署 | I3: 部署 Pod CPU/内存 80% 告警、readiness/OOM 事件订阅、DB 连接数与 LLM 网关指标看板 | J3: 改造项全部上线并冒烟通过（50 并发冒烟 0 失败） | K3: 任一项未完成则整体计划顺延，不得带病开压
A4: T0 准备周 | B4: 10-26 ~ 10-30 | C4: 压测基建 | D4: — | E4: — | F4: — | G4: ① 预建 5000 账号（每用户 1 账号）并 login 预热取 token，避免起压 login 洪峰（历史 login 中位 13.6s）；token TTL ≥ 最长压测时长 + 30min，或压测期间滑动续期——验收：60min 长跑无二次 login 洪峰（login QPS 曲线平稳）；② 题目池扩充至 ≥ 500 条；③ worker 与目标环境网络打通、FD 上限调优（每 worker ≥ 6000 句柄） | H4: 同上 | I4: 试跑 1 轮 50 并发验证全链路数据采集完整（五件套 + ttft_log + 日志 + 截图） | J4: 采集件齐全、报告流水线可用 | K4: 补齐后再进入 W1
A5: W1 第1周 | B5: 11-02 ~ 11-06 | C5: R1 预热轮 | D5: 150 | E5: 50→100→150 阶梯 | F5: 每档 5min，共 15min | G5: T0 准入项全部闭环；平台 2C×1、QA 4C×1（05 表 W1）；不启用 HPA；基建设置（Pod/负载均衡/带宽/数据库/LLM）按「05-每周基建设置要求」逐项到位并复核 | H5: worker ×1 | I5: 常规采集 + LLM 网关 TTFT 指标 | J5: 错误率 0；TTFT 中位 ≤ 5s | K5: 排查环境变更，不开主压
A6: W1 第1周 | B6: 11-02 ~ 11-06 | C6: R2 主压轮 | D6: 200 | E6: 1~2s 爬满 200（沿用历史爬坡） | F6: 10min | G6: R1 通过 | H6: worker ×1 | I6: 常规采集；重点对照 10-16 两个问题（502 风暴 / TTFT 恶化）是否闭环 | J6: SLO 全部满足（重点：错误率 ≤1%、无日志静默、TTFT 无 >20s 样本） | K6: 止涨线：停压保留现场，按 02/03 表核对 DB 池与 readiness 改造是否生效；随后执行降级预案（HPA 扩容封顶 → LLM 切备用配额/降级模型 → 平台回滚上一版本，见 01 表）
A7: W1 第1周 | B7: 11-02 ~ 11-06 | C7: R3 复测+回归 | D7: 200 / 180 | E7: 200 复测 1 轮 + 180 并发回归 1 轮 | F7: 各 10min | G7: R2 通过 | H7: worker ×1 | I7: 常规采集 | J7: 复测中位偏差 ≤15%；180 并发维持 10-14 通过水平（0 失败） | K7: 偏差 >15% 或 180 回归失败 → 检查 Pod 重新部署后的性能回归；随后执行降级预案（HPA 扩容封顶 → LLM 切备用配额/降级模型 → 平台回滚上一版本，见 01 表）
A8: W2 第2周 | B8: 11-09 ~ 11-13 | C8: R1 预热轮 | D8: 700 | E8: 200→400→700 阶梯 | F8: 每档 5min，共 15min | G8: W1 通过；平台 4C×4、QA 4C×6（HPA 4~8，CPU 60% 触发）；DB 池 ≥ 1200（集群总额）、数据库 max_connections ≥ 2500；LLM RPM ≥ 1.2 万 / TPM ≥ 3000 万 / 在途路数 ≥ 1,200；网关 / Ingress 流式并发 ≥ 1200；平台脱离 LLM 直压摸底完成（login+建会话+chat 打桩回环，验证 4C×4 下 login ≤3s、无 502）；基建设置（Pod/负载均衡/带宽/数据库/LLM）按「05-每周基建设置要求」逐项到位并复核 | H8: worker ×2 | I8: 常规采集 + HPA 扩缩容事件 + 数据库连接数曲线 | J8: 错误率 ≤1%；扩容过程无请求失败 | K8: 扩容慢导致失败 → 调 HPA 灵敏度后重测
A9: W2 第2周 | B9: 11-09 ~ 11-13 | C9: R2 主压轮 | D9: 1000 | E9: 30s 爬满 1000 | F9: 10min | G9: R1 通过 | H9: worker ×2（每 worker ≤500 用户） | I9: 常规采集 + LLM RPM/TPM 实测（对照配额 RPM ≥ 1.2 万 / TPM ≥ 3000 万）+ 429/Throttling 计数曲线 | J9: SLO 全部满足；平台/QA CPU ≤70% | K9: 止涨线；重点核查 DB 池打满 / LLM 排队 / 网关连接数三类证据；随后执行降级预案（HPA 扩容封顶 → LLM 切备用配额/降级模型 → 平台回滚上一版本，见 01 表）
A10: W2 第2周 | B10: 11-09 ~ 11-13 | C10: R3 复测轮 | D10: 1000 | E10: 复测 1 轮 | F10: 10min | G10: R2 通过 | H10: worker ×2 | I10: 常规采集 | J10: 复测中位偏差 ≤15% | K10: 偏差大 → 检查 HPA 震荡 / LLM 波动，第 3 轮取中位；随后执行降级预案（HPA 扩容封顶 → LLM 切备用配额/降级模型 → 平台回滚上一版本，见 01 表）
A11: W3 第3周 | B11: 11-16 ~ 11-20 | C11: R1 预热轮 | D11: 2400 | E11: 1000→1800→2400 阶梯 | F11: 每档 5min，共 15min | G11: W2 通过；平台 4C×8、QA 4C×14（HPA 10~16）；DB 池 ≥ 3600（集群总额）、max_connections ≥ 5000；LLM RPM ≥ 3.6 万 / TPM ≥ 9000 万 / 在途路数 ≥ 3,600；网关 / Ingress 连接上限 ≥ 3600 流式长连接；基建设置（Pod/负载均衡/带宽/数据库/LLM）按「05-每周基建设置要求」逐项到位并复核 | H11: worker ×4 | I11: 常规采集 + 全组件连接数水位 | J11: 错误率 ≤1%；资源水位 ≤70%/80% | K11: 任一组件先触顶 → 记录为该周容量结论，按 03 表补容后重测
A12: W3 第3周 | B12: 11-16 ~ 11-20 | C12: R2 主压轮 | D12: 3000 | E12: 60s 爬满 3000 | F12: 10min | G12: R1 通过 | H12: worker ×4（每 worker ≤750） | I12: 常规采集 + LLM 429/Throttling 与排队深度指标（RPM/TPM 口径） | J12: SLO 全部满足 | K12: 止涨线；随后执行降级预案（HPA 扩容封顶 → LLM 切备用配额/降级模型 → 平台回滚上一版本，见 01 表）
A13: W3 第3周 | B13: 11-16 ~ 11-20 | C13: R3 复测+突刺 | D13: 3000 | E13: 复测 1 轮；另做 1 轮 3000 稳态中突加 30% 至 3900 持续 2min | F13: 10min + 10min | G13: R2 通过 | H13: worker ×4 | I13: 常规采集 | J13: 复测偏差 ≤15%；突刺期错误率 ≤3% 且 2min 内恢复 | K13: 突刺失败 → 评估 HPA 上限与连接池余量；随后执行降级预案（HPA 扩容封顶 → LLM 切备用配额/降级模型 → 平台回滚上一版本，见 01 表）
... A17: W4 第4周 | B17: 11-23 ~ 11-27 | C17: R4 稳定性长跑 | D17: 4000（80% 负载） | E17: 爬满后恒定 | F17: 60min | G17: R2 / R3 通过 | H17: worker ×6 | I17: 常规采集 + 分钟级资源曲线 + 内存泄漏观察（QA/平台 WorkingSet 趋势）+ login QPS 平稳性（验证 token TTL 策略） | J17: 60min 内错误率 ≤ 1%、无慢化趋势（TTFT 中位漂移 ≤ 20%）、无内存持续增长、无二次 login 洪峰 | K17: 出现慢化/泄漏 → 缩短下一版本迭代节奏并单独立项；随后执行降级预案（HPA 扩容封顶 → LLM 切备用配额/降级模型 → 平台回滚上一版本，见 01 表）
A19: W4 轮次间隔规则：R2（20min）/ R3（30min）/ R4（60min）之间至少间隔 15min 冷却，冷却期内核对 HPA 已缩容完成、DB 连接数回落至基线、LLM 限流计数（429/Throttling）清零——LLM 限流窗口通常为分钟级滚动，未清零会污染下一轮结果。

Sheet 03-配置变更清单
A1: 配置变更清单（当前值 → 各周目标值；理论核数/连接数按历史实测线性外推，以每周实测校准）
A3: 阶段锚点 | B3: 目标并发
A4: T0/W1 | B4: 200
A5: W2 | B5: 1000
A6: W3 | B6: 3000
A7: W4 | B7: 5000
A9: 外推公式 | B9: QA 核数 = 3.2 核 × (并发 / 180)；DB 连接 = 并发 × 1.2（每笔 chat 1~2 连接含余量）
A12: 组件 | B12: 配置项 | C12: 当前值（10-16 实测） | D12: W1 · 200 | E12: W2 · 1000 | F12: W3 · 3000 | G12: W4 · 5000 | H12: 变更依据（历史报告结论）
A13: 平台服务 | B13: CPU × 副本 | C13: 1C × 1（Pod wrk4q） | D13: 2C × 1 | E13: 4C × 4 | F13: 4C × 8 | G13: 4C × 12 | H13: 平台从未在 200 并发以上实测且为实锤 502 瓶颈，本列为无锚点外推：login 13.6s→≤3s 约需 4.5C 起，叠加 5000 并发 SSE 代理转发与前置接口洪峰余量取 ≥25C 下限，W4 4C×12=48C；副本数以 05 表为权威，W2 起以 02 表「平台直压摸底」实测校准
A14: 平台服务 | B14: reactive DB 连接池 | C14: 未确认（疑为默认 10~20） | D14: =MAX(400,ROUND($B$4*1.2,0)) -> 400 | E14: =ROUND($B$5*1.2,0) -> 1200 | F14: =ROUND($B$6*1.2,0) -> 3600 | G14: =ROUND($B$7*1.2,0) -> 6000 | H14: 业务连接池 = 并发 × 1.2 为集群总预算，单 Pod 池 = 总预算 ÷ 副本数（W4：6000÷12=500/Pod）；W1 取 T0 验收门槛 400 与公式值 240 的较大者，故 W1=400；10-14 实锤：DB 池耗尽 → readiness 失败 → 502，默许值远低于 200 并发需求
A15: 平台服务 | B15: readiness 探针 | C15: 含业务 DB 池健康检查 | D15: 与业务池解耦（预留专用连接或移除池检查） | E15: 保持 | F15: 保持 | G15: 保持 | H15: 10-14 证据链：池耗尽连带探针失败导致网关摘除端点
A16: 平台服务 | B16: login / 建会话 | C16: 无缓存（中位 13.6s / 11.4s） | D16: login token 缓存 + 结果接口缓存 | E16: 保持 | F16: 保持 | G16: 保持 | H16: 5000 账号起压 login 洪峰会先打爆平台（结论4）
A17: 问答服务 | B17: CPU × 副本 | C17: 4C × 1（Pod 585f8979b7） | D17: =ROUND(3.2*$B$4/180,1)&" 核等效（副本数见 05 表）" -> 3.6 核等效（副本数见 05 表） | E17: =ROUND(3.2*$B$5/180,1)&" 核等效（副本数见 05 表）" -> 17.8 核等效（副本数见 05 表） | F17: =ROUND(3.2*$B$6/180,1)&" 核等效（副本数见 05 表）" -> 53.3 核等效（副本数见 05 表） | G17: =ROUND(3.2*$B$7/180,1)&" 核等效（副本数见 05 表）" -> 88.9 核等效（副本数见 05 表） | H17: 10-14 实测 ≈3.2 核/180 并发，与规格无关（结论2）；按线性外推 + HPA 兜底
A18: 问答服务 | B18: HPA | C18: 无 | D18: 不启用 | E18: 启用（CPU 60% 触发；弹性区间统一见 05 表） | F18: 启用（CPU 60% 触发；弹性区间统一见 05 表） | G18: 启用（CPU 60% 触发；弹性区间统一见 05 表） | H18: 横向扩容比单 Pod 纵向升配更稳，且 10-14 已证明 QA 用量随并发线性增长
A19: 数据库 | B19: max_connections | C19: 未知（T0 实测验收） | D19: ≥ 1000 | E19: ≥ 2500 | F19: ≥ 5000 | G19: ≥ 8000 | H19: T0 验收：RDS 实例 max_connections 实测值 ≥ 目标且参数模板允许该值（MySQL 系默认常仅数百~数千，改参数模板需重启验证）；业务连接数 = 并发 × 1.2 为集群总额（单 Pod 池=总额÷副本数，勿按单 Pod 复制），另加管理/监控/QA 余量
A20: 数据库 | B20: DB QPS 预估（次/s） | C20: 次/s | D20: =ROUND($B$4*12*2.5/60,0) -> 100 | E20: =ROUND($B$5*12*2.5/60,0) -> 500 | F20: =ROUND($B$6*12*2.5/60,0) -> 1500 | G20: =ROUND($B$7*12*2.5/60,0) -> 2500 | H20: 每请求 2~3 次 DB 查询（resolveKbIds 等，取 2.5）× 12 次/分钟 ÷ 60 = QPS；W1~W4 分别 100 / 500 / 1,500 / 2,500 QPS。QPS 而非连接数才是 RDS 规格的决定因素——W3 起读写分离评估，W4 前完成读副本接入或 Proxy
A21: LLM | B21: deepseek-v4-pro 容量 | C21: 未知（两次停滞先例） | D21: 以 05 表 RPM / TPM 限流需求为准（公式联动） | E21: 以 05 表 RPM / TPM 限流需求为准（公式联动） | F21: 以 05 表 RPM / TPM 限流需求为准（公式联动） | G21: 以 05 表 RPM / TPM 限流需求为准（公式联动） | H21: 对外同时对齐 RPM / TPM / 在途并发路数三项配额——10-16 的 52~57s 恒定排队指纹证明在途路数是商用 API 最先触顶的硬约束；10-12 / 10-16 两次停滞均为 LLM 侧风险（结论3）
A22: 网关 / Ingress | B22: 流式长连接上限 | C22: 未知（需确认） | D22: ≥ 250 | E22: ≥ 1200 | F22: ≥ 3600 | G22: ≥ 6000 | H22: 业务层流式并发上限（≈ 目标并发 × 1.2）；与 05 表「ELB 实例连接能力」不是同一层级——ELB 能力须远大于本值以吸收 HPA 摘挂、重试与空闲连接池
A23: 压测端 | B23: Locust 拓扑 | C23: 单机（200 用户已接近舒适上限） | D23: master 1 + worker 1 | E23: master 1 + worker 2 | F23: master 1 + worker 4 | G23: master 1 + worker 6（8C16G/台） | H23: 流式长连接对压测机 FD/内存要求高；每 worker ≤ 850 用户
A24: 压测端 | B24: 账号池 / 题目池 | C24: 200 账号 / ~120 题 | D24: 5000 账号预建 + token 预热；题目池 ≥ 500 | E24: 保持 | F24: 保持 | G24: 保持 | H24: 账号过少会复用 token 失效；题目池过小会放大缓存命中导致 TTFT 虚低
A25: 监控告警 | B25: 告警规则 | C25: 人工截图 | D25: Pod CPU/内存 80% 告警、readiness/OOM 事件订阅、DB 连接数、LLM 网关排队/限流看板 | E25: 保持 | F25: 保持 | G25: 保持 | H25: 10-14/10-16 依赖事后截图定位，实时告警可将止涨线前移
A26: 平台服务 | B26: 内存 / Pod | C26: 未确认（历史未暴露内存瓶颈） | D26: 4G × 1 副本 | E26: 8G × 4 副本 | F26: 8G × 8 副本 | G26: 8G × 12 副本 | H26: 流式响应缓冲随并发增长；参照 MCP 服务 10-14 内存打满教训预留余量
A27: 问答服务 | B27: 内存 / Pod | C27: 未确认（10-14 实测用量 30~34% of limit） | D27: 8G × 1 副本 | E27: 8G × 6 副本 | F27: 8G × 14 副本 | G27: 8G × 22 副本 | H27: 5000 并发 SSE 连接缓冲 + 检索上下文；与 05 表副本数一致

Sheet 04-历史基线
A1: 日期 | B1: 档位 | C1: 平台服务规格 | D1: 问答服务规格 | E1: 错误率 | F1: TTFT 均值/P95 (s) | G1: 判定
A2: 10-10 | B2: 100 | C2: 未留档 | D2: 未留档 | E2: 0% | F2: 3.69 / 8.83 | G2: 通过
A3: 10-10 | B3: 150 | C3: 未留档 | D3: 未留档 | E3: 0% | F3: 6.90 / 13.37 | G3: 通过
A4: 10-10 | B4: 180 | C4: 未留档 | D4: 未留档 | E4: 0% | F4: 6.35 / 11.18 | G4: 通过
A5: 10-10 | B5: 200 | C5: 原规格 | D5: 未留档 | E5: 61.1% | F5: 10.97 / 19.42 | G5: 不通过（502 风暴）
A6: 10-10 | B6: 200 | C6: 调整后 | D6: 未留档 | E6: 3.3% | F6: 8.21 / 15.63 | G6: 基本通过
A7: 10-12 | B7: 120 | C7: 单Pod·1C | D7: 单Pod·8C | E7: 82% 无首包 | F7: 29.5 / 57.5（成功样本） | G7: 不通过（LLM 停滞）
A8: 10-13 | B8: 120 | C8: 单Pod·1C | D8: 单Pod·8C | E8: 0% | F8: 2.73 / 4.69 | G8: 通过
A9: 10-13 | B9: 150 | C9: 单Pod·1C | D9: 单Pod·8C | E9: 0% | F9: 3.44 / 5.40 | G9: 通过
A10: 10-13 | B10: 180 | C10: 单Pod·1C | D10: 单Pod·8C | E10: 0% | F10: 4.19 / 6.03 | G10: 通过
A11: 10-13 | B11: 200 | C11: 单Pod·1C | D11: 单Pod·8C | E11: 29.3% | F11: 3.63 / 5.06（健康时段） | G11: 不通过（502 风暴 · 平台服务）
A12: 10-14 | B12: 200 | C12: 单Pod·1C | D12: 单Pod·8C | E12: 0% | F12: 4.43 / 6.24 | G12: 通过
... A16: 10-16 | B16: 200 | C16: 单Pod·1C | D16: 单Pod·4C | E16: 51.1% | F16: 27.69 / 56.51（恶化期中位 51.8） | G16: 不通过（502 风暴 + LLM 停滞）
A18: 注：10-13 的 120 并发（2.73 / 4.69）与 150 并发（3.44 / 5.40）为历史健康基线样本，SLO2 目标线「中位 3.2s / P95 5.5s」由其归纳；判定列「通过」= 当轮满足 SLO 通过线，不等于已达到健康基线。

Sheet 05-每周基建设置要求
A1: 每周目标并发对应的基建设置要求（Pod / 负载均衡 / 带宽 / 数据库 / LLM / 压测端）
A2: 外推口径：QA 实测 3.2 核 / 180 并发（10-14）；网络实测 2.1 MB/s ≈ 17 Mbps / 200 并发（10-14 QA Pod）；TTFT 中位按 SLO 5s 折算吞吐；公式引用 03 表锚点，改并发数自动重算
A4: 类别 | B4: 配置项 | C4: 单位 | D4: W1 · 200 并发 | E4: W2 · 1000 并发 | F4: W3 · 3000 并发 | G4: W4 · 5000 并发 | H4: 说明 / 外推依据
A5: 计算资源 | B5: 平台服务 Pod（CPU × 副本） | C5: C × 个 | D5: 2C × 1 | E5: 4C × 4 | F5: 4C × 8 | G5: 4C × 12 | H5: 10-13/14/16 三次 502 风暴均在 1C×1 上发生；平台无 >200 并发实测锚点，本列为无锚点外推（login 13.6s→≤3s 约 4.5C 起 + 代理转发与洪峰余量 → ≥25C 下限），实际以 W2 平台直压摸底与 HPA / 实测校准
A6: 计算资源 | B6: 问答服务 Pod（CPU × 副本） | C6: C × 个 | D6: 4C × 1 | E6: 4C × 6 | F6: 4C × 14 | G6: 4C × 22 | H6: 线性外推 3.2 核/180 并发 → 200/1000/3000/5000 并发 ≈ 3.6/17.8/53.3/88.9 核；副本数向上取整并留 HPA 弹性区间（见下行）
A7: 计算资源 | B7: 问答服务 HPA 弹性区间 | C7: 个 | D7: 2 ~ 4 | E7: 4 ~ 8 | F7: 10 ~ 16 | G7: 16 ~ 26 | H7: CPU 60% 触发扩容；W3/W4 上限覆盖 +30% 突刺演练（02 表 R3）
A8: 计算资源 | B8: CCE 集群可调度核数（合计） | C8: C | D8: ≥ 24 | E8: ≥ 64 | F8: ≥ 140 | G8: ≥ 220 | H8: （平台 base + QA HPA 上限）× 1.3 调度余量：W1 (2+16)=18→24、W2 (16+32)=48→64、W3 (32+64)=96→140、W4 (48+104)=152×1.3≈198→取 220C 覆盖节点碎片与突发；节点池建议 16C32G 弹性节点，按周前置扩容
A9: 负载均衡 | B9: 并发连接数 | C9: 条 | D9: ≥ 20,000 | E9: ≥ 50,000 | F9: ≥ 150,000 | G9: ≥ 300,000 | H9: ELB 实例连接能力（按规格档位取整），须远大于业务层流式并发（03 表：250 / 1,200 / 3,600 / 6,000）；HPA 摘挂、失败重试、空闲连接池均占用连接，建议按目标并发 × 10 以上预留
A10: 负载均衡 | B10: 新建连接速率（CPS） | C10: 条/s | D10: ≥ 2,000 | E10: ≥ 5,000 | F10: ≥ 10,000 | G10: ≥ 15,000 | H10: 10-16 风暴期实测 742 req/s 失败重试尖峰（Locust 46ms 快速失败）；CPS 不足会在故障期放大 502
A11: 负载均衡 | B11: 实例规格（应用型 ELB） | C11: — | D11: 小型（≥2 万连接） | E11: 中型（≥5 万） | F11: 大型（≥15 万） | G11: 超大型（≥30 万） | H11: 按华为云应用型 ELB 并发连接数档位选择；压测前核对当前规格
A12: 负载均衡 | B12: SSE 超时与会话保持 | C12: — | D12: 读超时 ≥ 300s、空闲 ≥ 120s、关闭会话保持（SSE 无状态） | E12: 同左 | F12: 同左 | G12: 同左 | H12: 10-16 慢样本 52~57s——网关超时若 < 60s 会把「慢」切成「502」；健康检查间隔 ≥ 5s、连续 3 次失败才摘除（防抖）
A13: 带宽 | B13: SLB 出口带宽（EIP） | C13: Mbps | D13: 50 | E13: 200 | F13: 500 | G13: 1000 | H13: 实测 17 Mbps / 200 并发线性外推：5000 并发 ≈ 425 Mbps，含 50% 突刺余量与 LLM 下行放大取 1G；压测期间以 SLB 出带宽实测值回填本行，实测 > 预估 80% 触发止涨线（纳入 SLO4 资源水位判定）
A14: 带宽 | B14: 预估峰值流量 | C14: Mbps | D14: =ROUND(17*'03-配置变更清单'!$B$4/200,0) -> 17 | E14: =ROUND(17*'03-配置变更清单'!$B$5/200,0) -> 85 | F14: =ROUND(17*'03-配置变更清单'!$B$6/200,0) -> 255 | G14: =ROUND(17*'03-配置变更清单'!$B$7/200,0) -> 425 | H14: 公式：17 Mbps ×（目标并发 / 200），锚点见 03 表；压测期间实测量值回填本行核对
A15: 带宽 | B15: 压测端带宽与位置 | C15: — | D15: 压测机部署在与目标同 VPC（内网直压）；若走公网，出口带宽 ≥ 同档 SLB 带宽 | E15: 同左 | F15: 同左 | G15: 同左 | H15: 避免压测端公网带宽成为假瓶颈；worker（05 表）与 SLB 同地域；内网直压时 EIP 带宽仅约束真实用户侧流量，SLB 实例的并发连接 / CPS 规格仍须满足
A16: 数据库 | B16: RDS 规格（主备） | C16: C | D16: 2C 独享型 | E16: 4C 独享型 | F16: 8C 独享型 | G16: 16C 独享型（或读写分离） | H16: chat 每笔触发 resolveKbIds 等查询；连接数要求见 03 表（240/1200/3600/6000，公式联动）
A17: 数据库 | B17: 连接入口 | C17: — | D17: 直连 | E17: 直连 + 池上限核对 | F17: 评估 Proxy / 读写分离 | G17: Proxy 常态化 | H17: 3000 并发起单实例连接数压力大；读多写少场景读副本分摊
A18: 商业LLM | B18: 并发生成路数（一级准入项 · 与阿里云书面确认） | C18: 路 | D18: ≥ 250 | E18: ≥ 1,200 | F18: ≥ 3,600 | G18: ≥ 6,000 | H18: 5000 用户首包即断循环 = 任意时刻 ~5000 路在途生成（Little 定律：req/s × TTFT）；商用 API 最先触顶的是在途并发而非 RPM/TPM——10-16 的 52~57s 恒定排队即其指纹，必须与 RPM/TPM 并列向阿里云书面确认（前提：SSE abort 即时释放推理槽位，见 02 表 T0 ⑥）
A19: 商业LLM | B19: 限流需求 RPM（请求/分钟） | C19: 次/min | D19: =ROUND('03-配置变更清单'!$B$4*12,0) -> 2400 | E19: =ROUND('03-配置变更清单'!$B$5*12,0) -> 12000 | F19: =ROUND('03-配置变更清单'!$B$6*12,0) -> 36000 | G19: =ROUND('03-配置变更清单'!$B$7*12,0) -> 60000 | H19: 公式：并发 × 12 次/分钟（TTFT 中位 5s → 每用户 12 次循环）。注意：该 RPM 是「满足 SLO2（TTFT 中位≤5s）」的最小值而非跑起来的下限——配额不足时系统仍可运行，但 TTFT 按比例拉长、SLO2 必挂。阿里云百炼商用模型默认 RPM 通常为数百~数千级（按模型与账号流控等级，以控制台「模型观测/限流」页为准），60000 RPM 远超默认值 → W2 起必须工单提额或采购独享实例
A20: 商业LLM | B20: 限流需求 TPM（tokens/分钟） | C20: tokens/min | D20: =ROUND('03-配置变更清单'!$B$4*12*2515/10000,0)&" 万" -> 604 万 | E20: =ROUND('03-配置变更清单'!$B$5*12*2515/10000,0)&" 万" -> 3018 万 | F20: =ROUND('03-配置变更清单'!$B$6*12*2515/10000,0)&" 万" -> 9054 万 | G20: =ROUND('03-配置变更清单'!$B$7*12*2515/10000,0)&" 万（≈1.5 亿）" -> 15090 万（≈1.5 亿） | H20: 公式：RPM × ~2,515 tokens/次（input≈2,500：system + 知识库检索上下文 + 问题；output≈15：压测首包即断口径）。默认 TPM 限流典型为百万级，5000 并发需 ≈1.5 亿 TPM → 必须提额/独享实例；请以实际 prompt 长度实测校准
A21: 商业LLM | B21: token 耗费估算（全周轮次合计） | C21: tokens | D21: ≈ 2.2 亿 | E21: ≈ 8.0 亿 | F21: ≈ 35.6 亿 | G21: ≈ 150 ~ 180 亿（按轮次表精算 ≈163 亿） | H21: 估算法：Σ(各档时长 × 该档并发 × 12) × ~2,515 tokens/次（爬坡档按档位分别计）。W1≈2.2 亿 / W2≈8.0 亿 / W3≈35.6 亿 / W4≈163 亿（含 R1~R4 四轮，共约 648 万笔请求），全计划合计 ≈ 209 亿 tokens；若轮次再调整按同式重算。【口径注：为压测「首包即断」口径（output≈15 tokens），不代表生产 token 成本——真实用户完整生成 output≈500~800 tokens/次，生产容量与费用规划须另行按完整口径核算】；开启 context cache（命中部分约 2~8 折计费）+ 题目池复用可大幅压缩；费用按阿里云百炼各模型定价页核算，建议压测预算单列
A22: 商业LLM | B22: 部署形态 / 提额路径 | C22: — | D22: 公共 API 默认限额 + 工单提额 | E22: 工单提额（RPM≥1.2 万 / TPM≥3,000 万） | F22: 百炼独享实例（专属吞吐） | G22: 独享实例 / 专属部署（公共 API 默认限额不可承载） | H22: 直接结论：商用大模型公共 API 的默认限流（RPM 数千、TPM 数百万级）不支持 5000 并发压测；可行路径=① 提额（提前 2 周工单）② 百炼独享实例 ③ 迁回自建推理（PAI，参考原 GPU 估算 单卡 25~50 路）。超限表现为 429/排队——即 10-16 的 52~57s 停滞形态
A23: 压测端 | B23: Locust worker | C23: 台（8C16G） | D23: 1 | E23: 2 | F23: 4 | G23: 6 | H23: 每 worker ≤ 850 SSE 并发；master ×1（4C8G）固定
A24: 可观测性 | B24: 监控与告警 | C24: — | D24: Pod CPU/内存 80% 告警、readiness/OOM 事件订阅、DB 连接数、LLM 排队/限流看板、SLB 5xx 与 CPS 曲线；采集周期 ≤ 10s | E24: 同左 | F24: 同左 | G24: 同左 | H24: 10-14/10-16 依赖事后截图定位；实时告警用于止涨线前移
A26: 注：SLB 档位为参考推算；LLM 为阿里云商用模型（deepseek-v4-pro，百炼/DashScope 账号），RPM/TPM 需求与 token 耗费为估算值——压测前一周须在阿里云控制台核对实际限流配额并由对应负责人书面确认到位；任一项未到位按 02 表 T0 规则顺延，不得带病开压。
